#,#,,Textures displayed in quests (CL only),,,
#,#Quest ID,Subject (up to 32 full-width characters),file name,Start position when reducing (x),Start position when reducing (x),Expansion (%)
(50% by default),,,,,,
#,#,'123456789101234567892012345678930,,,,
#,,,,,,
#,,,,,,
#,1,2,,,,
#,1,2,3,4,5,6
#?From here for production (tentative),,,,,,
#Adventurer Guild Missions,,,,,,
#CaligulaMission,,,,,,
1000010,beetles multiplying,,,,,
1000020,underground mud,,,,,
1000030,chief of thieves,,,,,
1000050,kobold hunting,,,,,
,,,,,,
#KhaokaMission,,,,,,
1000110,Kobold hunting part 2,,,,,
1000111,Be careful of pests!,,,,,
1000112,walking carnivorous plants,,,,,
,,,,,,
#ChicoruMission,,,,,,
1000120,scream of the dead,,,,,
1000121,Fear! moving statue,,,,,
1000122,executioner's execution,,,,,
,,,,,,
#deltismission,,,,,,
1000130,Proliferating beetles part 2,,,,,
1000131,Underground mud part 2,,,,,
1000132,Berserker,,,,,
1000133,evil wizard,,,,,
#,1000134,warrior and wizard,,,,
,,,,,,
#Yellow Dragon Temple Ruins,,,,,,
1000140,Revenge against the demi-humans,,,,,
1000141,Destroy the mud doll!,,,,,
,,,,,,
1000142,demihuman hero,,,,,
1000143,ugly lump of meat,,,,,
,,,,,,
#Aria River Reservoir Cave,,,,,,
1000150,Proliferating beetles part 3,,,,,
1000151,Clear the fog!,,,,,
,,,,,,
1000152,gold coin monster,,,,,
1000153,underground bull,,,,,
,,,,,,
#Temple of Oblivion,,,,,,
1000160,(P) Little devil heaven,,,,,
1000161,(P)Flying statue,,,,,
,,,,,,
1000162,(P) Phantom Buster!,,,,,
1000163,(P) Dance with the dead!,,,,,
1000164,(P) Little devil hell,,,,,
1000165,(P) Gray ghost,,,,,
#Easy,,,,,,
21000160,(S) Little devil heaven,,,,,
21000161,(S)Flying statue,,,,,
,,,,,,
21000162,(S) Phantom Buster!,,,,,
21000163,(S) Dance with the dead!,,,,,
21000164,(S) Little devil hell,,,,,
21000165,(S) Gray Ghost,,,,,
,,,,,,
#Old underground waterway,,,,,,
#1st floor,,,,,,
1000170,(P) Kobold Hunting Part 3,,,,,
1000171,(P) Continued: Scream of the Dead,,,,,
1000172,(P) Underground waterway cleaning,,,,,
1000173,(P) Underground waterway cleaning part 2,,,,,
1000174,(P) Underground waterway cleaning part 3,,,,,
,,,,,,
#Second floor,,,,,,
1000180,(P) Berserker Part 2,,,,,
1000181,(P) Revenge against the demi-humans part 2,,,,,
1000182,(P) Demi-human Sabbath,,,,,
,,,,,,
#3rd floor,,,,,,
1000190,(P) Underground waterway robbers,,,,,
1000191,(P)Evil wizard part 2,,,,,
,,,,,,
#Dragoon Underground Ruins,,,,,,
1000200,(P) Fear! cannibal plant,,,,,
1000201,(P) Heartless Guardian,,,,,
1000202,(P)Ancient Spirit,,,,,
1000203,(P) Ugly food bolus,,,,,
,,,,,,
1000210,(P)Visitor from the dark night,,,,,
1000211,(P)Ruins guards,,,,,
#Easy,,,,,,
#1st floor,,,,,,
21000170,(S) Kobold Hunting Part 3,,,,,
21000171,(S) Continued: Scream of the Dead,,,,,
21000172,(S) Underground waterway cleaning,,,,,
21000173,(S) Underground waterway cleaning part 2,,,,,
21000174,(S) Underground waterway cleaning part 3,,,,,
,,,,,,
#Second floor,,,,,,
21000180,(S) Berserker Part 2,,,,,
21000181,(S) Revenge against the demi-humans part 2,,,,,
21000182,(S) Demi-human Sabbath,,,,,
,,,,,,
#3rd floor,,,,,,
21000190,(S) Underground waterway robbery group,,,,,
21000191,(S)Evil wizard part 2,,,,,
,,,,,,
#Dragoon Underground Ruins,,,,,,
21000200,(S) Fear! cannibal plant,,,,,
21000201,(S) Heartless Guardian,,,,,
21000202,(S)Ancient Spirit,,,,,
21000203,(S)Ugly food bolus,,,,,
,,,,,,
21000210,(S)Visitor from the dark night,,,,,
21000211,(S)Ruins guard,,,,,
,,,,,,
#Ruins of the Ceremonial Grounds,,,,,,
1000220,(P) Phantom Buster! Part 2,,,,,
1000221,(P) Cursed Skull,,,,,
#,1000222,(P) Strange Grudge,,,,
1000223,(P) Bandits at the ritual site ruins,,,,,
1000224,(P) Bandit leader part 2,,,,,
,,,,,,
1000225,(P) Inquisition,,,,,
1000226,(P) Things that come from the abyss,,,,,
#Easy,,,,,,
21000220,(S) Phantom Buster! Part 2,,,,,
21000221,(S) Cursed Skull,,,,,
#,21000222,(S) Strange Grudge,,,,
21000223,(S) Bandits at the ritual site ruins,,,,,
21000224,(S) Bandit leader part 2,,,,,
,,,,,,
21000225,(S) Inquisition,,,,,
21000226,(S) Things that come from the abyss,,,,,
,,,,,,
#Rosawald Submerged Fort,,,,,,
1000230,(P)Violent amphibian,,,,,
1000231,(P) Wingless insect,,,,,
,,,,,,
1000232,(P) Inquisition Part 2,,,,,
,,,,,,
1000233,(P) Kobold Hunting Part 4,,,,,
#Easy,,,,,,
21000230,(S)Violent amphibian,,,,,
21000231,(S)Wingless insect,,,,,
,,,,,,
21000232,(S) Inquisition Part 2,,,,,
,,,,,,
21000233,(S) Kobold Hunting Part 4,,,,,
,,,,,,
#Desolation,,,,,,
1000240,(P) Wandering meat doll,,,,,
1000241,(P) Warrior and Wizard,,,,,
1000242,(P) Spreading pests,,,,,
,,,,,,
1000243,(P) Demi-human barbarian,,,,,
1000244,(P) Crush the rock doll!,,,,,
#Easy,,,,,,
21000240,(S) Wandering meat doll,,,,,
21000241,(S)Warrior and Wizard,,,,,
21000242,(S) Spreading pests,,,,,
,,,,,,
21000243,(S) Demi-human barbarian,,,,,
21000244,(S) Crush the rock doll!,,,,,
,,,,,,
#13 Facility,,,,,,
1000250,(P)The living dead in foreign law,,,,,
1000251,(P) Inquisition Part 3,,,,,
1000252,(P) Phantom Buster! Part 3,,,,,
#Easy,,,,,,
21000250,(S)The living dead in foreign law,,,,,
21000251,(S) Inquisition Part 3,,,,,
21000252,(S) Phantom Buster! Part 3,,,,,
,,,,,,
#Gloomy Round Table,,,,,,
1000260,(P) Round Table Grave Robbers,,,,,
1000257,(P) Be careful of pests! Part 2,,,,,
1000258,(P)Violent amphibian part 2,,,,,
1000259,(P) Clear the fog! Part 2,,,,,
1000265,(P) Inquisition Part 4,,,,,
,,,,,,
1000261,(P) Proliferating plague insects,,,,,
1000262,(P)Visitor from the dark night part 2,,,,,
1000266,(P) Wandering meat doll part 2,,,,,
1000267,(P) Fear! Moving statue part 2,,,,,
1000268,(P) Ugly food voluminous part 2,,,,,
,,,,,,
1000263,(P) Gold coin of death,,,,,
1000264,(P) Things that came from the abyss part 2,,,,,
1000269,(P) Cursed Skull Part 2,,,,,
#Easy,,,,,,
21000260,(S) Round Table Grave Robbery,,,,,
21000257,(S) Be careful of pests! Part 2,,,,,
21000258,(S)Violent amphibian part 2,,,,,
21000259,(S) Clear the fog! Part 2,,,,,
21000265,(S) Inquisition Part 4,,,,,
,,,,,,
21000261,(S) Proliferating plague insects,,,,,
21000262,(S)Visitor from the dark night part 2,,,,,
21000266,(S) Wandering meat doll part 2,,,,,
21000267,(S) Fear! Moving statue part 2,,,,,
21000268,(S) Ugly food bolus part 2,,,,,
,,,,,,
21000263,(S) Gold coin of death,,,,,
21000264,(S) Things that came from the abyss part 2,,,,,
21000269,(S) Cursed Skull Part 2,,,,,
,,,,,,
#Saintgen Ruins,,,,,,
#1st floor,,,,,,
1000270,(P) End of the relationship,,,,,
1000271,(P) Inquisition Part 5,,,,,
1000272,(P) Fear! dissolved plants,,,,,
1000273,(P) Guardian of the ruins,,,,,
1000274,(P) Eyeball monster,,,,,
,,,,,,
#Second floor,,,,,,
1000280,(P) Amorphous killer,,,,,
1000281,(P) Absolute strong person,,,,,
,,,,,,
#3rd floor,,,,,,
1000290,(P) Amorphous Slaughterer Part 2,,,,,
1000291,(P) Inquisition Part 6,,,,,
1000292,(P) Guardians of the ruins,,,,,
,,,,,,
#4th floor,,,,,,
1000300,(P) Surface anti-aircraft combat,,,,,
1000301,(P) Legendary disaster,,,,,
,,,,,,
#5th floor,,,,,,
1000310,(P) Fear! Dissolved plants part 2,,,,,
1000311,(P) Ugly lump of flesh part 2,,,,,
1000312,(P) One who seeks magic,,,,,
,,,,,,
#6th floor,,,,,,
1000320,(P) Those who seek magic part 2,,,,,
1000321,(P) The Twin Masters of Despair,,,,,
,,,,,,
#7th floor,,,,,,
1000330,(P) Wingless insect part 2,,,,,
1000331,(P)Flying statue part 2,,,,,
1000332,(P)Visitor from the dark night part 3,,,,,
#Easy,,,,,,
#1st floor,,,,,,
21000270,(S) End of the relationship,,,,,
21000271,(S) Inquisition Part 5,,,,,
21000272,(S) Fear! dissolved plants,,,,,
21000273,(S) Guardian of the Ruins,,,,,
21000274,(S) Eyeball monster,,,,,
,,,,,,
#Second floor,,,,,,
21000280,(S) Amorphous killer,,,,,
21000281,(S) Absolute strong person,,,,,
,,,,,,
#3rd floor,,,,,,
21000290,(S) Amorphous Slaughterer Part 2,,,,,
21000291,(S) Inquisition Part 6,,,,,
21000292,(S) Guardians of the ruins,,,,,
,,,,,,
#4th floor,,,,,,
21000300,(S) Surface anti-aircraft combat,,,,,
21000301,(S) Legendary Calamity,,,,,
,,,,,,
#5th floor,,,,,,
21000310,(S) Fear! Dissolved plants part 2,,,,,
21000311,(S) Ugly lump of flesh part 2,,,,,
21000312,(S) Those who seek magic,,,,,
,,,,,,
#6th floor,,,,,,
21000320,(S) Those who seek magic part 2,,,,,
21000321,(S) Twin Masters of Despair,,,,,
,,,,,,
#7th floor,,,,,,
21000330,(S) Wingless insect part 2,,,,,
21000331,(S)Flying statue part 2,,,,,
21000332,(S)Visitor from the dark night part 3,,,,,
,,,,,,
#House of lust and lewdness,,,,,,
1000338,Baby spider subjugation request,,,,,
1000339,"warm ghost, cold ghost",,,,,
1000340,Pest extermination request part 1,,,,,
1000341,Awakening werewolf,,,,,
1000342,cat-like dreamer,,,,,
1000343,Temptation of the devil,,,,,
1000344,The end of torture,,,,,
1000345,desecration of the victim,,,,,
1000346,The ghost of the mansion,,,,,
1000347,antique guard,,,,,
1000348,antique executor,,,,,
1000349,A feast of love and desire,,,,,
,,,,,,
#LotHardyRuins,,,,,,
1000350,(P) One who controls fire,,,,,
1000351,(P) The monster that came out of the water,,,,,
1000352,(P) Guardian of the Earth,,,,,
1000353,(P) Wind of disaster,,,,,
1000354,(P) Inquisition Part 7,,,,,
1000355,(P) Awakening Werecat,,,,,
1000356,(P) Gold coin monster part 2,,,,,
#Easy,,,,,,
21000350,(S) One who controls fire,,,,,
21000351,(S) The monster that came out of the water,,,,,
21000352,(S) Guardian of the Earth,,,,,
21000353,(S) Wind of disaster,,,,,
21000354,(S) Inquisition Part 7,,,,,
21000355,(S) Awakening Werecat,,,,,
21000356,(S) Gold coin monster part 2,,,,,
,,,,,,
#Blue Cave,,,,,,
1000360,Ajin's wellside meeting,,,,,
1000361,Amorphous Slaughterer Apprentice,,,,,
1000362,Demi-human army,,,,,
1000363,greedy amphibian,,,,,
1000364,water spirit,,,,,
1000365,tangible and intangible,,,,,
1000366,proliferating hornworms,,,,,
1000367,distorted food chain,,,,,
1000368,earth spirit,,,,,
1000369,ice dragon,,,,,
1000370,Visitor from the Dark Night Part 4,,,,,
1000371,moving jewel,,,,,
,,,,,,
#Land of dark fluctuations,,,,,,
1000380,(P) Demons who go through the night,,,,,
1000381,(P) Primordial little devil,,,,,
1000382,(P) Cursed Skull Part 3,,,,,
1000383,(P) Inma's temptation part 2,,,,,
1000384,(P) Ugly lump of flesh part 3,,,,,
1000385,(P)Visitor from the dark night part 5,,,,,
1000386,(P) Demon of despair,,,,,
1000387,(P) Things that came from the abyss part 3,,,,,
#Easy,,,,,,
21000380,(S) Demons who go through the night,,,,,
21000381,(S) Primordial little devil,,,,,
21000382,(S) Cursed Skull Part 3,,,,,
21000383,(S) Inma's temptation part 2,,,,,
21000384,(S) Ugly lump of flesh part 3,,,,,
21000385,(S)Visitor from the dark night part 5,,,,,
21000386,(S) Demon of Despair,,,,,
21000387,(S) Things that came from the abyss part 3,,,,,
,,,,,,
#Miskatonic University Branch,,,,,,
1000390,Melancholy of the supplementary class,,,,,
1000391,night school,,,,,
1000392,panic school,,,,,
1000393,Victim of forbidden books,,,,,
1000394,wanderer of the mansion,,,,,
1000395,Corpse-eating demon's feast,,,,,
1000396,Amorphous Murderer Part 3,,,,,
1000397,Eight abyss attacks,,,,,
1000398,Demons that go through the night part 2,,,,,
1000399,The fate of the decapitated person,,,,,
1000400,University secrets and dark side,,,,,
#,1000401,Exploration of subspecies,,,,
,,,,,,
#Babilim Hanging Gardens,,,,,,
1000410,(P)Things that pervade the garden,,,,,
1000411,(P) Garden robber,,,,,
1000412,(P) The fierce bull in the garden,,,,,
1000413,(P) Searching heretic,,,,,
1000414,(P)Call of the garden,,,,,
1000415,(P)Garden grave robbers,,,,,
1000416,(P) Hidden heretic,,,,,
1000417,(P) Bracer in the Garden,,,,,
1000418,(P)Garden Guardian,,,,,
1000419,(P)Garden guard,,,,,
1000420,(P) Assaulting Heretics,,,,,
1000421,(P) Heretic Bounty,,,,,
1000422,(P)Awakening lion,,,,,
1000423,(P)Those who wait,,,,,
1000424,(P) Moving rock wall,,,,,
1000425,(P) A raging water wind,,,,,
1000426,(P) Royal Guards of the Ruins,,,,,
1000427,(P) Grim Reaper's Scythe,,,,,
1000428,(P) Wall of flame and spear of wind,,,,,
1000429,(P) Grim Reaper's Scythe Part 2,,,,,
1000430,(P)Blow of light,,,,,
#Easy,,,,,,
21000410,(S)Things that pervade the garden,,,,,
21000411,(S)Garden robber,,,,,
21000412,(S) The fierce bull in the garden,,,,,
21000413,(S) Searching heretic,,,,,
21000414,(S)Call of the garden,,,,,
21000415,(S)Garden Grave Robbery,,,,,
21000416,(S) Hidden heretic,,,,,
21000417,(S)Garden Bracer,,,,,
21000418,(S)Garden Guardian,,,,,
21000419,(S)Garden guard,,,,,
21000420,(S) Assaulting Heretics,,,,,
21000421,(S) Heretic Bounty,,,,,
21000422,(S) Awakening lion,,,,,
21000423,(S)Those who wait,,,,,
21000424,(S) Moving rock wall,,,,,
21000425,(S) A raging water wind,,,,,
21000426,(S)Ruins Guards,,,,,
21000427,(S) Grim Reaper's Scythe,,,,,
21000428,(S) Wall of flame and spear of wind,,,,,
21000429,(S) Grim Reaper's Scythe Part 2,,,,,
21000430,(S)Blow of light,,,,,
,,,,,,
#Irvanbore mine,,,,,,
1000440,wandering amphibian,,,,,
1000441,flying insects,,,,,
1000442,rock removal,,,,,
1000443,Pest extermination request part 2,,,,,
1000444,Pest extermination request,,,,,
1000445,Request to repel mercenary group,,,,,
1000446,spirit of flame,,,,,
1000447,things that have been created,,,,,
1000448,Eyeball monster part 2,,,,,
1000449,devil returning the dead,,,,,
1000450,Legendary disaster part 2,,,,,
1000451,dark angel leaking,,,,,
1000452,Runaway dead man,,,,,
1000453,the daring destroyer,,,,,
,,,,,,
#House of Madness,,,,,,
1000460,The visitor's fate,,,,,
1000461,nesting black eye,,,,,
1000462,cowardly ghost,,,,,
1000463,Kenjin Ranbu,,,,,
1000464,wandering armor,,,,,
1000465,The legacy of a mad magician,,,,,
1000466,phantom herb of madness,,,,,
1000467,ferocious flame insect,,,,,
1000468,creeping rotten,,,,,
1000469,the devil who waits,,,,,
1000470,dancing devil,,,,,
1000471,Grim Reaper's Scythe Part 3,,,,,
,,,,,,
#Mad King's Trial Ground,,,,,,
#1F,,,,,,
1000480,formless monster,,,,,
1000481,Ajin's welcome,,,,,
1000482,Thippa thief's hideout,,,,,
1000483,the fallen monk,,,,,
1000484,strange floating gold coins,,,,,
#2F~,,,,,,
1000485,puppet,,,,,
1000486,a timid wizard,,,,,
1000487,reaping fangs,,,,,
1000488,fierce hunter,,,,,
1000489,abominable corpse,,,,,
1000490,keeper of evil,,,,,
1000491,Visitor from the Dark Night Part 6,,,,,
1000492,underground is the way,,,,,
1000493,a careful magician,,,,,
1000494,Strange floating gold coins part 2,,,,,
1000495,twin swords of beast,,,,,
1000496,great devil,,,,,
,,,,,,
#Labyrinth of the Abyss,,,,,,
1000500,Immortal Subjugation,,,,,
1000501,Dark angel of slaughter,,,,,
1000502,distorted regret,,,,,
1000503,Dark angel who lives in the abyss,,,,,
1000504,eccentric species of insects,,,,,
1000505,pack of wolves,,,,,
1000506,plants of the abyss,,,,,
1000507,Sealed in the Abyss,,,,,
,,,,,,
#Shade Labyrinth,,,,,,
1000600,pack gang,,,,,
1000601,abandoned mechanical soldier,,,,,
1000602,the exiled guardian,,,,,
1000603,temptation to death,,,,,
1000604,cat meeting place,,,,,
1000605,peepers,,,,,
1000606,messenger from darkness,,,,,
1000607,witch's vanguard,,,,,
1000608,cavalry of the dead,,,,,
1000609,prison key,,,,,
,,,,,,
#Dreamy trial ground,,,,,,
1000700,The Trial of Immaturity (1),,,,,
1000701,Trials of Immaturity (2),,,,,
1000702,Trial of the Unskilled (Part 3),,,,,
1000703,Half-baked trial (1),,,,,
1000704,Half-baked trial (2),,,,,
1000705,Half-baked trial (Part 3),,,,,
1000706,Half-baked trial (?),,,,,
1000707,Trial of ripening (1),,,,,
1000708,Trial of ripening (2),,,,,
1000709,Trial of ripening (Part 3),,,,,
1000710,Trial of ripeness (extreme),,,,,
,,,,,,
#Mad King's Trial Ground 2,,,,,,
1000721,The sound of wings boiling in the water,,,,,
1000722,Meat chunks flying on tangled threads,,,,,
1000723,small raiders,,,,,
1000724,invitation of the dead,,,,,
1000725,Flash of the Armed Dead,,,,,
1000726,cold gaze,,,,,
1000727,visitor from another world,,,,,
1000728,stone block dance,,,,,
1000729,giant sword,,,,,
1000730,Wagner's request (1),,,,,
1000731,Wagner's request (2),,,,,
1000732,Wagner's request (3),,,,,
1000733,Wagner's request (4),,,,,
,,,,,,
#NPC request mission,,,,,,
1001010,cost of theft,,,,,
1001020,Aim for the thing,,,,,
1001030,shady dealings,,,,,
1001040,Soldier's secret request,,,,,
1001050,Soldier's top secret request part 2,,,,,
1001060,Inventor's request,,,,,
1001070,Inventor's suffering,,,,,
1001080,mysterious water,,,,,
1001090,Purity brooch,,,,,
1001100,Whereabouts of the elixir,,,,,
1001110,A fantastic masterpiece,,,,,
1001120,My name is the King of Ashes,,,,,
1001130,price of knowledge,,,,,
#,1001140,Weapon store's request,,,,
#,1001150,The weapon shop's request part 2,,,,
#,1001160,The weapon shop's request part 3,,,,
#,1001170,The weapon shop's request part 4,,,,
#,1001180,those who stray from the path,,,,
1001190,Things dropped into the abyss,,,,,
1001200,Wriggling insect,,,,,
#,1001210,degree of revenge,,,,
1001220,Voge's Sorrow,,,,,
#,1001230,Find a connoisseur,,,,
#,1001240,I knew it was a trap,,,,
#,1001250,Collecting is a curse,,,,
#,1001260,the best gatekeeper,,,,
#,1001270,The best gatekeeper part 2,,,,
#,1001280,person searching for life,,,,
#,1001290,armor of glory,,,,
#,1001300,Armor of Glory Part 2,,,,
#,1001310,Ishik's Guidance,,,,
#,1001320,Arahui user,,,,
#,1001330,Lord Kendal's request,,,,
#,1001340,Lord Kendal's request part 2,,,,
#,1001350,Shrine Maiden of Ishik,,,,
#,1001360,Masked Fallen Nobleman,,,,
1001370,Chasing my brother's shadow,,,,,
1001380,Suzanne's love potion,,,,,
1001390,Aina's love potion,,,,,
#,1001410,inheritance consideration,,,,
1001420,adult charm,,,,,
1001430,jack and black piece,,,,,
1001440,Alejandros and the white pieces,,,,,
#,1001450,Cart request,,,,
1001460,the price of medicine,,,,,
1001470,grandchild's lost item,,,,,
,,,,,,
#Dungeon missions,,,,,,
1003020,doll of life,,,,,
1003030,dark pendant,,,,,
1010040,Fetishist's Melancholy,,,,,
1010050,worthless treasure,,,,,
1010060,lady's cameo,,,,,
1010070,That's expensive alcohol! Bring me some expensive alcohol!,,,,,
1010080,diamond ring,,,,,
1010090,Sweeper of the Sunken Fortress,,,,,
,,,,,,
"#Account-based missions (mainly gate missions, etc.)",,,,,,
3005010,It's alcohol! Bring me some booze!,,,,,
3007010,Something for your dog,,,,,
3007020,Proof of a loyal dog,,,,,
3007030,dog treasure,,,,,
3008010,Alahawi's request,,,,,
3009010,soul lantern,,,,,
3010010,What belongs to the emperor belongs to the emperor,,,,,
3010020,Whose brilliance belongs to?,,,,,
3010030,Waterworks Bureau staff friend,,,,,
3010040,wounded knight,,,,,
3010050,magic saw,,,,,
3010060,ultimate cameo,,,,,
3010070,Return to another world,,,,,
3010080,Treasure hunter's requested item,,,,,
3010090,Treasure hunter's requested item part 2,,,,,
,,,,,,
3100010,Find [Zero]!,,,,,
3100020,Find [Zero]! second act,,,,,
3100030,Find [Zero]! third act,,,,,
3100040,magic cloak,,,,,
3100050,magic cloak part 2,,,,,
3100060,magic cloak part 3,,,,,
3100110,inheritance consideration,,,,,
3100120,Cart request,,,,,
,,,,,,
"#Account-based missions (mainly limited-time missions, etc.)",,,,,,
3900010,Trial of the Lord of the Decaying Crows,,,,,
3900020,Trial of the Lord of the Flies,,,,,
3900030,Trial of the Lord of the Dawn,,,,,
3900040,The Trial of the Lord of the Desire,,,,,
3900050,Trial of the Master of Dusk,,,,,
3900060,DUM SPIRO SPERO,,,,,
3900070,Trial of the Decaying Crow Lord [Wandering],,,,,
3900080,Trial of the Lord of the Flies [Wandering],,,,,
3900090,Trial of the Lord of the Dawn [Wandering],,,,,
3900100,The Trial of the Lord of the Desire [Wandering],,,,,
3900110,Trial of the Master of Dusk [Wandering],,,,,
3900120,Residents' mischief,,,,,
3900210,Salvation of the soul [unripe],,,,,
3900220,Salvation of the soul [half-baked],,,,,
3900230,Salvation of the soul [pursuit],,,,,
3900310,?Manuscript borrowing agent,,,,,
3900320,?Rare jewelry delivery,,,,,
3900330,?Catch me!,,,,,
3900331,?3×3 complicated heart,,,,,
3900332,?Memories that sank to the bottom of the water,,,,,
3900340,?Relaxing sleep,,,,,
3900350,?Ore rescue,,,,,
3900360,?Bridge of friendship,,,,,
3900370,?Labyrinth investigation request,,,,,
,,,,,,
#tutorial mission,,,,,,
3002010,Learn the importance of rest at an inn,,,,,
3002020,adventure essentials,,,,,
3002030,Tour of city facilities,,,,,
3003010,Visit to the Magic Bureau,guide_map08.dds,,,30,
3003020,Visit to weapon shop,guide_map09.dds,,,30,
3003030,Aim for Soul Rank 3!,,,,,
3003040,Aim for Soul Rank 5!,,,,,
,,,,,,
#tutorial mission,,,,,,
3004010,Make the most of camping,,,,,
3004020,Let's open the treasure chest,,,,,
3004030,Let's appraise the item,,,,,
3004040,Let's repair the equipment,,,,,
3004050,Be careful of Soul Eater,,,,,
3004060,Get the key to the treasure chest,,,,,
3004070,Open the locked treasure chest,,,,,
3004080,Let's restore the gem,,,,,
3004090,Let's synthesize gems,,,,,
3004100,Pay attention to the conditions,,,,,
3004110,Collect hidden crystal balls,,,,,
3004120,Let's train our equipment,,,,,
3004520,Let's conquer Guardian's Gate,,,,,
3004530,Make full use of the guardian statue,,,,,
,,,,,,
#conductor mission,,,,,,
3006010,Procuring research materials to the Blue Cave,,,,,
3006020,Procurement of research materials to Miskatonic University branch,,,,,
3006030,Procurement of research materials to Ilvanbore Mine,,,,,
3006040,Procuring research materials for the House of Lust and Lust,,,,,
3006050,Procuring research materials to Chaos Strase,,,,,
3006060,Procuring research materials for a dreamlike testing ground,,,,,
3006070,Procuring research materials to Sharde's Labyrinth,,,,,
,,,,,,
#Special Mission,,,,,,
1100010,?Sewer cleaning,,,,,
1100020,?Chase the phantom insect!,,,,,
1100030,?Solitary Silver Wolf,,,,,
1100040,?Keeper of the ruins,,,,,
1100050,?Greedy resident,,,,,
1100060,?Temple monster,,,,,
1100070,?Temple Guardian,,,,,
1100080,?Skull in ruins,,,,,
1100090,?A ruined castle of grief,,,,,
1100100,?Land of desire,,,,,
1100110,?Treasure that brings death,,,,,
1100120,?Cathedral of Fear,,,,,
1100130,?Temple Guardian,,,,,
1100140,?Underground bastard,,,,,
1100150,?Wandering ghost,,,,,
1100160,?Demon extermination request,,,,,
1100170,?Hunter of darkness,,,,,
1100180,?Mimetic sinner,,,,,
1100190,?Dancing meatballs,,,,,
1100200,?Rocks that live in the mine shaft,,,,,
1100210,?The abyss of the heretic and the otherworld,,,,,
1100220,?Two-headed gatekeeper,,,,,
,,,,,,
#Random dungeon missions,,,,,,
4001101,S1 Challenge: Monster Defeat 1,,,,,
4001102,S1 Challenge: Monster Defeat 2,,,,,
4001103,S1 Challenge: Monster Defeat 3,,,,,
4001104,S1 Challenge: Defeat Irregular,,,,,
4001105,S1 Challenge: Relic Collection,,,,,
4001106,S1 Challenge: Speed ??Clear,,,,,
4001110,A1 Challenge: Full Marathon,,,,,
4001201,S2 Challenge: Monster Defeat 1,,,,,
4001202,S2 Challenge: Monster Defeat 2,,,,,
4001203,S2 Challenge: Monster Defeat 3,,,,,
4001204,S2 Challenge: Defeat Irregular,,,,,
4001205,S2 Challenge: Relic Collection,,,,,
4001206,S2 Challenge: Speed ??Clear,,,,,
4001301,S3 Challenge: Monster Defeat 1,,,,,
4001302,S3 Challenge: Monster Defeat 2,,,,,
4001303,S3 Challenge: Monster Defeat 3,,,,,
4001304,S3 Challenge: Defeating Irregulars,,,,,
4001305,S3 Challenge: Relic Collection,,,,,
4001306,S3 Challenge: Speed ??Clear,,,,,
4001401,S4 Challenge: Monster Defeat 1,,,,,
4001402,S4 Challenge: Monster Defeat 2,,,,,
4001403,S4 Challenge: Monster Defeat 3,,,,,
4001404,S4 Challenge: Defeating Irregulars,,,,,
4001405,S4 Challenge: Relic Collection,,,,,
4001410,A1 Challenge: Half Marathon,,,,,
4001501,S5 Challenge: Monster Defeat 1,,,,,
4001502,S5 Challenge: Monster Defeat 2,,,,,
4001503,S5 Challenge: Monster Defeat 3,,,,,
4001504,S5 Challenge: Defeating Irregulars,,,,,
4001505,S5 Challenge: Relic Collection,,,,,
4001601,S6 Challenge: Monster Defeat 1,,,,,
4001602,S6 Challenge: Monster Defeat 2,,,,,
4001603,S6 Challenge: Monster Defeat 3,,,,,
4001604,S6 Challenge: Defeat Irregular,,,,,
4001605,S6 Challenge: Relic Collection,,,,,
4001901,Delivery 1,,,,,
4001902,Delivery 2,,,,,
4001903,Delivery 3,,,,,
4001911,Plant collection 1,,,,,
4001912,Plant collection 2,,,,,
4001913,Plant collection 3,,,,,
4121101,Challenge: Defeat monsters 1,,,,,
4121102,Challenge: Defeat monsters 2,,,,,
4121103,Challenge: Defeat monsters 3,,,,,
4121105,Challenge: Relic collection,,,,,
4121106,Challenge: Speed ??clear 30,,,,,
4121107,Challenge: Speed ??clear 40,,,,,
4121108,Challenge: Speed ??clear 50,,,,,
4122101,Challenge: Defeat monsters 1,,,,,
4122102,Challenge: Defeat monsters 2,,,,,
4122103,Challenge: Defeat monsters 3,,,,,
4122105,Challenge: Relic collection,,,,,
4122106,Challenge: Speed ??clear 30,,,,,
4122107,Challenge: Speed ??clear 40,,,,,
4122108,Challenge: Speed ??clear 50,,,,,
4123101,Challenge: Defeat monsters 1,,,,,
4123102,Challenge: Defeat monsters 2,,,,,
4123103,Challenge: Defeat monsters 3,,,,,
#,4123105,Challenge: Relic collection,,,,
4123106,Challenge: Speed ??clear 30,,,,,
4123107,Challenge: Speed ??clear 40,,,,,
4123108,Challenge: Speed ??clear 50,,,,,
4124101,Challenge: Defeat monsters 1,,,,,
4124102,Challenge: Defeat monsters 2,,,,,
4124103,Challenge: Defeat monsters 3,,,,,
4124105,Challenge: Relic collection,,,,,
4124106,Challenge: Speed ??clear 30,,,,,
4124107,Challenge: Speed ??clear 40,,,,,
4124108,Challenge: Speed ??clear 50,,,,,
4125101,Challenge: Defeat monsters 1,,,,,
4125102,Challenge: Defeat monsters 2,,,,,
4125103,Challenge: Defeat monsters 3,,,,,
4125105,Challenge: Relic collection,,,,,
4125106,Challenge: Speed ??clear 30,,,,,
4125107,Challenge: Speed ??clear 40,,,,,
4125108,Challenge: Speed ??clear 50,,,,,
4071101,S1 Challenge: Monster Defeat 1,,,,,
4071102,S1 Challenge: Monster Defeat 2,,,,,
4071103,S1 Challenge: Monster Defeat 3,,,,,
4071201,S2 Challenge: Monster Defeat 1,,,,,
4071202,S2 Challenge: Monster Defeat 2,,,,,
4071203,S2 Challenge: Monster Defeat 3,,,,,
4071301,S3 Challenge: Monster Defeat 1,,,,,
4071302,S3 Challenge: Monster Defeat 2,,,,,
4071303,S3 Challenge: Monster Defeat 3,,,,,
,,,,,,
#job change mission,,,,,,
1200010,warrior's proof,,,,,
1200020,proof of thief,,,,,
1200030,magician's proof,,,,,
1200040,monk's certificate,,,,,
1200050,proof of samurai,,,,,
1200060,Bishop's testimony,,,,,
1200070,proof of ninja,,,,,
1200080,proof of the monarch,,,,,
1200090,Clown's mark,,,,,
1200100,Alchemist's Proof,,,,,
,,,,,,
#Top job release mission,,,,,,
3200050,Qualification to be a samurai,,,,,
3200060,qualifications to be a bishop,,,,,
3200070,Qualification to be a ninja,,,,,
3200080,Qualification to be a monarch,,,,,
3200090,Qualification to be an alchemist,,,,,
,,,,,,
#Job change tutorial mission,,,,,,
3201010,be a warrior,,,,,
3201020,become a thief,,,,,
3201030,become a magician,,,,,
3201040,let's become a monk,,,,,
,,,,,,
#?Limited time mission?,,,,,,
#11/15~11/29 Get the hidden crystal ball! event,,,,,,
1300010,Secret Mission Cleaning Sewage Scum,,,,,
1300020,?Secret Mission Sewer Scum Cleaning,,,,,
1300030,?Secret mission: Cleaning the treasure room trash,,,,,
1300040,Secret mission: Cleaning scrap metal in the treasure room,,,,,
1300050,?Secret Mission Cleaning the water storage cave trash,,,,,
1300060,?Secret Mission Big Statue,,,,,
1300070,Secret mission: Removal of the castle ruins statue,,,,,
1300080,?Secret Mission Small Statue,,,,,
1300090,?Secret Mission: Heavy Statue,,,,,
#2012/5/22~6/5 Conquer the dungeon! event,,,,,,
1300110,?Conquest Mission: Conquer the fledgling labyrinth!,,,,,
1300120,?Conquest Mission: Conquer the beginner's labyrinth!,,,,,
1300130,?Conquest Mission Conquer the temple!,,,,,
1300140,?Conquest Mission Conquer the old underground waterway!,,,,,
1300150,?Conquest Mission Conquer the underground ruins!,,,,,
1300160,?Conquest Mission Conquer the ritual site!,,,,,
1300170,?Conquest Mission Conquer the submerged fort!,,,,,
1300180,?Conquest Mission: Conquer the mansion of lust and lewdness!,,,,,
1300181,?Conquest Mission Conquer the monster's home!,,,,,
1300182,?Conquest Mission Conquer the dragon's home!,,,,,
#2012/7/3 ~ Conquer the dungeon! event,,,,,,
1300210,?Conquest Mission Conquer the water cave!,,,,,
1300220,?Conquest Mission Conquer the underground ruins!,,,,,
1300230,?Conquest Mission Conquer the evil cult base!,,,,,
1300240,?Conquest Mission Conquer the end of the dream!,,,,,
1300250,?Special mission: Stop the plans of the three giants!,,,,,
1300260,?Suppression Mission: Conquer the evil cult's stronghold!,,,,,
#2014/4/8~Conquer the dungeon! event,,,,,,
1300270,?Conquer Mission: Conquer the Caligulase Sewers!,,,,,
1300280,?Travel Mission: Conquer the Yellow Dragon Temple Ruins!,,,,,
1300290,?Trade mission: Conquer the ruins of the ritual site of Kwei!,,,,,
1300300,?Conquer Mission: Conquer the Saint Gento Ruins!,,,,,
1300310,?Conquer Mission: Conquer the Blue Cave!,,,,,
1300320,?Conquer Mission: Conquer the land of twilight fluctuations!,,,,,
1300330,?Conquer Mission: Conquer Miskatonic University Branch!,,,,,
1300340,?Conquer Mission: Conquer the chaotic Strase!,,,,,
#2015/1/15~ Defeat the dungeon! event,,,,,,
1300350,"?Suppression Mission Caligura, subdue the sewers!",,,,,
1300360,?Suppression Mission Defeat the Yellow Dragon Temple Ruins!,,,,,
1300370,?Suppression Mission Defeat the ruins of the ritual site of Kwei!,,,,,
1300380,?Suppression Mission Defeat the Sangente Ruins!,,,,,
1300390,?Suppression Mission Defeat the Blue Cave!,,,,,
1300395,?Suppression Mission Defeat the Blue Cave!,,,,,
1300400,?Suppression Mission Defeat Miskatonic University Branch!,,,,,
1300410,?Suppression Mission Defeat the Babylim Hanging Gardens!,,,,,
#2016/4/26~Special mission event,,,,,,
1300420,?Conquest Mission Conquer the old underground waterway!,,,,,
1300430,?Conquest Mission Conquer the chaotic Strase!,,,,,
1300440,?Conquest Mission Conquer Miskatonic University Branch!,,,,,
1300450,?Conquest Mission Conquer the Ilvanbore Mine!,,,,,
1300460,?Conquest Mission Conquer the Mad King's Trial Field!,,,,,
1300470,?Conquest Mission Conquer the labyrinth of the abyss!,,,,,
1300480,?Suppression Mission: Subjugate the three giants!,,,,,
1300490,?Suppression Mission: Subdue the jet black witch!,,,,,
#2016/5/31~Special mission event,,,,,,
1300500,?Investigation Mission Investigate the ancient tyrant!,,,,,
1300510,?Investigation Mission Investigate ancient things!,,,,,
1300520,?Investigation Mission Investigate the Statue of the Goddess of Awe!,,,,,
#,1300530,?Investigation Mission Investigate the dark green angel!,,,,
1300540,?Investigation Mission Investigate the Dull-Colored Guardian!,,,,,
1300550,?Investigation Mission Despair: Investigate the capital Itox!,,,,,
1300560,?Investigation Mission Investigate the adventurer party!,,,,,
#,1300570,?Investigation mission Investigate the jet black witch!,,,,
#Karalde_Soul Material Mission,,,,,,
1300580,Captive soul [drive],,,,,
1300590,Captive soul [hard],,,,,
1300600,Captive Soul [History],,,,,
#2016/10/11~Special mission event,,,,,,
1300610,?Release of the Soul [Kaku],,,,,
1300620,?Release of the soul [Ken],,,,,
1300630,?Release of the soul [history],,,,,
#2016/10/25~Special mission event,,,,,,
1300640,?Suppression Mission Control Carly!,,,,,
1300650,?Suppression Mission Control the First Chimera!,,,,,
1300660,?Suppression Mission Control the three giants!,,,,,
1300670,?Suppression Mission Subdue Valga!,,,,,
1300680,?Suppression Mission Defeat the Iron Golem!,,,,,
1300690,?Suppression Mission Defeat Dos Gomery!,,,,,
1300700,?Suppression Mission Subjugate Medusa!,,,,,
1300710,?Suppression Mission Defeat the dreamy Negro Diablo!,,,,,
1300720,?Suppression Mission Defeat Sharde!,,,,,
1300730,?Suppression Mission Subjugate Wagner's henchmen!,,,,,
,,,,,,
#Mission (main scenario),,,,,,
#Underground waterway ruins,,,,,,
2000000,Meeting with Eleshe,,,,,
2000001,Trial for adventurers,,,,,
2000002,Registration to the Adventurer's Guild,guide_map04.dds,,,30,
2000010,Adventurer's Guild Trials,,,,,
2000011,soul guide,,,,,
2000020,Magic Bureau Request,,,,,
2000030,masked aristocrat,,,,,
2000040,Investigation team's suffering,,,,,
2000050,knight bersh,,,,,
2000060,trial of the soul,,,,,
2000070,monster of the waterway,,,,,
2000080,Gatekeeper of underground ruins,,,,,
2000090,Deep Tremor (Wananaki),,,,,
#spirited away,,,,,,
2001000,Whereabouts of Sharde?,,,,,
2001010,Recover Mira's Jewel,,,,,
2001020,Find a connoisseur,,,,,
2001030,engagement ring,,,,,
2001040,"Resurrection, Nine Brothers of Hell",,,,,
2001050,spirited monster,,,,,
2001060,Evil rituals and mysterious attackers,,,,,
2001070,Priest of the Evil Cult,,,,,
#Old Ones,,,,,,
2002000,kezena and michelle,,,,,
2002010,swinging staff,,,,,
2002020,Guardian's Seal,,,,,
2002030,Battle for Halsia,,,,,
2002040,Resurrection of the divine sword,,,,,
#Shade Labyrinth Edition,,,,,,
2003000,Captive Luce,,,,,
2003010,Halcia's Wedge,,,,,
2003020,Resurrection of Sharde,,,,,
,,,,,,
#Submission (Sub Scenario),,,,,,
#Western-style building,,,,,,
3501000,House of lust and lewdness,,,,,
3501010,lost forbidden book,,,,,
#Cave edition,,,,,,
3502000,Grotta Azzurra,,,,,
3502010,blue darkness,,,,,
#Wiz arrangement,,,,,,
3503000,Mad King's Trial Ground,,,,,
3503010,Mad King's Trial Ground 2,,,,,
,,,,,,
#?For testing,,,,,,
1400130,TM01,,,,,
1400140,TM02,,,,,
1400150,TM03,,,,,
1400160,Treasure acquisition tutorial,,,,,
1400161,Facility tutorial,,,,,
1400162,gem tutorial,,,,,
1400163,condition tutorial,,,,,
1400164,balance tutorial,,,,,
1400165,consumables tutorial,,,,,
3400150,TM04,,,,,
#,4400001,Random dungeon mission test,,,,
